{
  "stage": "B",
  "target_time_M": 1000.0,
  "post_merger_delta_M": 50.0,
  "pre_merger_window_M": 30.0,
  "psi4_extraction_radius_M": 100.0,
  "official_reference": {
    "merger_time_M": 899.0,
    "M_final": 0.95,
    "chi_final": 0.69,
    "n_orbit": 6.0
  },
  "n16_dir": "/home/ew-s-sasaki-beacon/gw150914-output/gw150914-n16-stage-b",
  "n28_dir": "data/GW150914_N28_zenodo/extracted/GW150914_28",
  "overall_pass": true,
  "checks": {
    "completion": {
      "pass": true,
      "n16_t_max_M": 999.348923076923,
      "target_M": 1000.0,
      "details": "n16 reached t=999.349 M"
    },
    "merger_time": {
      "pass": true,
      "n16": 925.145,
      "n28": 898.712,
      "delta_pct": 2.94120919716216,
      "threshold_pct": 5.0
    },
    "m_final": {
      "pass": true,
      "n16": 0.9517624039088812,
      "n28": 0.9527006115430828,
      "delta_pct": -0.09847874797539971,
      "threshold_pct": 5.0
    },
    "chi_final": {
      "pass": true,
      "n16": 0.6930446327164296,
      "n28": 0.6876737137012591,
      "delta": 0.0053709190151705055,
      "threshold": 0.1
    },
    "n_orbit": {
      "pass": true,
      "n16": 5.077799588755818,
      "n28": 4.923360874006136,
      "delta": 0.1544387147496824,
      "threshold": 1.0
    },
    "psi4_pre_merger_amplitude": {
      "pass": null,
      "n16": 3.072686825639048e-05,
      "n28": 3.055487176078853e-05,
      "delta_pct": 0.5629102191902429,
      "threshold_pct": 50.0,
      "note": "provisional threshold (Stage C 完了後に確定予定), not counted in overall_pass"
    }
  },
  "self_consistency": {
    "available": true,
    "eval_window_M": [
      30.0,
      70.0
    ],
    "n_samples": 41,
    "m_final_drift": {
      "pass": true,
      "drift_pct": 0.006773057057719829,
      "threshold_pct": 1.0
    },
    "chi_final_drift": {
      "pass": true,
      "drift": 0.0001595976091588458,
      "threshold": 0.05
    }
  },
  "n16_raw_metrics": {
    "merger_time_M": 925.145,
    "post_merger": {
      "m_horizon": 0.9517624039088812,
      "J": 0.6277956403524981,
      "m_irreducible": 0.8828576680757838,
      "chi": 0.6930446327164296
    },
    "post_merger_delta_M": 50.0,
    "n_orbit": {
      "value": 5.077799588755818,
      "t_start": 261.160615384615,
      "t_end": 925.145
    },
    "psi4_pre_merger": {
      "t_peak": 925.1446153846153,
      "amp_peak": 3.072686825639048e-05,
      "amp_mean": 2.6665083726181756e-05,
      "n_samples": 32
    },
    "psi4_pre_merger_window_M": 30.0,
    "psi4_radius_M": 100.0,
    "time_range": [
      261.161,
      999.349
    ],
    "ah3_t_range": [
      925.145,
      999.349
    ],
    "puncture_t_range": [
      261.160615384615,
      999.348923076923
    ]
  },
  "n28_raw_metrics": {
    "merger_time_M": 898.712,
    "post_merger": {
      "m_horizon": 0.9527006115430828,
      "J": 0.6241591072092266,
      "m_irreducible": 0.8850429413076695,
      "chi": 0.6876737137012591
    },
    "post_merger_delta_M": 50.0,
    "n_orbit": {
      "value": 4.923360874006136,
      "t_start": 261.160615384615,
      "t_end": 898.712
    },
    "psi4_pre_merger": {
      "t_peak": 898.7119120890239,
      "amp_peak": 3.055487176078853e-05,
      "amp_mean": 2.6964216373334934e-05,
      "n_samples": 55
    },
    "psi4_pre_merger_window_M": 30.0,
    "psi4_radius_M": 100.0,
    "time_range": [
      0.0,
      910.827
    ],
    "ah3_t_range": [
      898.712,
      1699.953
    ],
    "puncture_t_range": [
      0.0,
      1699.95323077133
    ]
  }
}